filename,label
unlabeled_Data\-103044-12.jpeg,0
unlabeled_Data\-1063128-1.jpeg,3
unlabeled_Data\-1081406-1.jpeg,2
unlabeled_Data\-1083927-1.jpeg,0
unlabeled_Data\-11053-1.jpeg,3
unlabeled_Data\-1225603-2.jpeg,0
unlabeled_Data\-1237848-2.jpeg,2
unlabeled_Data\-1237848-3.jpeg,2
unlabeled_Data\-12494-4.jpeg,3
unlabeled_Data\-1290410-3.jpeg,0
unlabeled_Data\-1305450-1.jpeg,0
unlabeled_Data\-1305450-3.jpeg,0
unlabeled_Data\-138971-2.jpeg,1
unlabeled_Data\-1415351-1.jpeg,0
unlabeled_Data\-1487749-2.jpeg,2
unlabeled_Data\-15208-1.jpeg,1
unlabeled_Data\-154835-1.jpeg,1
unlabeled_Data\-163081-5.jpeg,0
unlabeled_Data\-163081-9.jpeg,0
unlabeled_Data\-1699976-1.jpeg,0
unlabeled_Data\-1699976-4.jpeg,0
unlabeled_Data\-1699976-5.jpeg,0
unlabeled_Data\-1730592-1.jpeg,0
unlabeled_Data\-1831654-1.jpeg,3
unlabeled_Data\-1853526-1.jpeg,3
unlabeled_Data\-1897894-1.jpeg,3
unlabeled_Data\-197082-1.jpeg,3
unlabeled_Data\-1983894-1.jpeg,3
unlabeled_Data\-1997439-2.jpeg,2
unlabeled_Data\-19974392.jpeg,0
unlabeled_Data\-2010714-1.jpeg,3
unlabeled_Data\-2025105-1.jpeg,0
unlabeled_Data\-2059629-1.jpeg,3
unlabeled_Data\-2095710-1.jpeg,3
unlabeled_Data\-2128644-3.jpeg,2
unlabeled_Data\-2131138-1.jpeg,3
unlabeled_Data\-2185112-1.jpeg,2
unlabeled_Data\-2185112-2.jpeg,0
unlabeled_Data\-2192440-2.jpeg,0
unlabeled_Data\-2197972-1.jpeg,3
unlabeled_Data\-2226488-1.jpeg,3
unlabeled_Data\-2257047-2.jpeg,0
unlabeled_Data\-2257047-3.jpeg,2
unlabeled_Data\-2257047-6.jpeg,2
unlabeled_Data\-2350851-1.jpeg,3
unlabeled_Data\-2351012-1.jpeg,3
unlabeled_Data\-2362579-1.jpeg,3
unlabeled_Data\-2373878-1.jpeg,3
unlabeled_Data\-2392366-1.jpeg,3
unlabeled_Data\-2397754-1.jpeg,3
unlabeled_Data\-2416187-1.jpeg,3
unlabeled_Data\-2459401-1.jpeg,3
unlabeled_Data\-2489093-1.jpeg,1
unlabeled_Data\-2509453-1.jpeg,3
unlabeled_Data\-2541184-1.jpeg,2
unlabeled_Data\-25411841.jpeg,0
unlabeled_Data\-2569106-1.jpeg,3
unlabeled_Data\-2630665-1.jpeg,1
unlabeled_Data\-2636641-1.jpeg,3
unlabeled_Data\-2665491-1.jpeg,3
unlabeled_Data\-269181-2.jpeg,1
unlabeled_Data\-2705520-1.jpeg,3
unlabeled_Data\-30521-3.jpeg,1
unlabeled_Data\-30521-6.jpeg,1
unlabeled_Data\-30521-8.jpeg,1
unlabeled_Data\-3080163-1.jpeg,0
unlabeled_Data\-3100637-1.jpeg,3
unlabeled_Data\-3213586-1.jpeg,0
unlabeled_Data\-3241692-1.jpeg,0
unlabeled_Data\-328435-1.jpeg,1
unlabeled_Data\-3307598-1.jpeg,3
unlabeled_Data\-3307598-2.jpeg,3
unlabeled_Data\-330905-1.jpeg,3
unlabeled_Data\-3332063-1.jpeg,3
unlabeled_Data\-3373954-1.jpeg,3
unlabeled_Data\-3424668-3.jpeg,2
unlabeled_Data\-3475211-1.jpeg,3
unlabeled_Data\-351109-1.jpeg,3
unlabeled_Data\-3541867-1.jpeg,0
unlabeled_Data\-364469-1.jpeg,2
unlabeled_Data\-364469-3.jpeg,2
unlabeled_Data\-364469-4.jpeg,2
unlabeled_Data\-3644691.jpeg,0
unlabeled_Data\-3644693.jpeg,0
unlabeled_Data\-375851-1.jpeg,0
unlabeled_Data\-37818-1.jpeg,3
unlabeled_Data\-402066-5.jpeg,3
unlabeled_Data\-4117019-1.jpeg,3
unlabeled_Data\-4244160-1.jpeg,0
unlabeled_Data\-4244491-1.jpeg,1
unlabeled_Data\-4343867-2.jpeg,3
unlabeled_Data\-4478609-1.jpeg,1
unlabeled_Data\-450532-1.jpeg,3
unlabeled_Data\-451136-7.jpeg,0
unlabeled_Data\-457907-1.jpeg,0
unlabeled_Data\-460403-1.jpeg,0
unlabeled_Data\-460844-1.jpeg,3
unlabeled_Data\-4634094-2.jpeg,1
unlabeled_Data\-4732091-2.jpeg,1
unlabeled_Data\-4775389-1.jpeg,0
unlabeled_Data\-4804900-1.jpeg,3
unlabeled_Data\-486271-1.jpeg,3
unlabeled_Data\-4878077-1.jpeg,0
unlabeled_Data\-4878077-2.jpeg,2
unlabeled_Data\-4878077-3.jpeg,2
unlabeled_Data\-4878077-6.jpeg,0
unlabeled_Data\-4884091-1.jpeg,0
unlabeled_Data\-4974377-1.jpeg,0
unlabeled_Data\-5409617-1.jpeg,0
unlabeled_Data\-5429703-1.jpeg,0
unlabeled_Data\-5465575-1.jpeg,1
unlabeled_Data\-547422-1.jpeg,3
unlabeled_Data\-547422-2.jpeg,3
unlabeled_Data\-5477211-1.jpeg,0
unlabeled_Data\-549356-2.jpeg,3
unlabeled_Data\-5497895-1.jpeg,0
unlabeled_Data\-5536678-1.jpeg,0
unlabeled_Data\-557437-2.jpeg,3
unlabeled_Data\-5603164-1.jpeg,0
unlabeled_Data\-563695-2.jpeg,0
unlabeled_Data\-564246-1.jpeg,0
unlabeled_Data\-566040-1.jpeg,3
unlabeled_Data\-5674369-4.jpeg,0
unlabeled_Data\-5674369-5.jpeg,0
unlabeled_Data\-571157-1.jpeg,3
unlabeled_Data\-5760454-1.jpeg,3
unlabeled_Data\-5802218-1.jpeg,0
unlabeled_Data\-5824631-1.jpeg,0
unlabeled_Data\-584218-1.jpeg,2
unlabeled_Data\-5861916-3.jpeg,0
unlabeled_Data\-588227-1.jpeg,3
unlabeled_Data\-6190971-1.jpeg,0
unlabeled_Data\-6190971-2.jpeg,0
unlabeled_Data\-6193297-2.jpeg,0
unlabeled_Data\-6193297-3.jpeg,2
unlabeled_Data\-6215140-1.jpeg,0
unlabeled_Data\-664536-1.jpeg,3
unlabeled_Data\-70266-2.jpeg,0
unlabeled_Data\-7064008-1.jpeg,2
unlabeled_Data\-732516-3.jpeg,0
unlabeled_Data\-7434518-1.jpeg,3
unlabeled_Data\-7558688-1.jpeg,0
unlabeled_Data\-7578162-1.jpeg,0
unlabeled_Data\-758272-1.jpeg,3
unlabeled_Data\-7585263-3.jpeg,1
unlabeled_Data\-7650134-2.jpeg,1
unlabeled_Data\-7706610-2.jpeg,1
unlabeled_Data\-772481-1.jpeg,3
unlabeled_Data\-7757895-1.jpeg,0
unlabeled_Data\-776149-1.jpeg,0
unlabeled_Data\-7763772-1.jpeg,2
unlabeled_Data\-7763916-1.jpeg,0
unlabeled_Data\-7780589-1.jpeg,1
unlabeled_Data\-7793366-1.jpeg,1
unlabeled_Data\-779442-1.jpeg,0
unlabeled_Data\-779442-3.jpeg,2
unlabeled_Data\-781814-1.jpeg,0
unlabeled_Data\-7818141.jpeg,0
unlabeled_Data\-7837305-1.jpeg,1
unlabeled_Data\-7915033-1.jpeg,0
unlabeled_Data\-7918201-2.jpeg,1
unlabeled_Data\-7939555-3.jpeg,3
unlabeled_Data\-7939555-4.jpeg,1
unlabeled_Data\-7972888-1.jpeg,0
unlabeled_Data\-8019418-1.jpeg,1
unlabeled_Data\-8019418-3.jpeg,1
unlabeled_Data\-8019418-4.jpeg,1
unlabeled_Data\-8086850-4.jpeg,1
unlabeled_Data\-8086850-5.jpeg,0
unlabeled_Data\-81630-2.jpeg,0
unlabeled_Data\-8251771-1.jpeg,2
unlabeled_Data\-8261063-2.jpeg,0
unlabeled_Data\-8261063-4.jpeg,2
unlabeled_Data\-827677-1.jpeg,0
unlabeled_Data\-8351260-2.jpeg,2
unlabeled_Data\-8525575-4.jpeg,1
unlabeled_Data\-8549730-2.jpeg,0
unlabeled_Data\-8602716-2.jpeg,3
unlabeled_Data\-8602716-4.jpeg,1
unlabeled_Data\-8605472-1.jpeg,2
unlabeled_Data\-8729675-2.jpeg,3
unlabeled_Data\-8807486-1.jpeg,1
unlabeled_Data\-8811857-2.jpeg,0
unlabeled_Data\-8854406-2.jpeg,3
unlabeled_Data\-8889771-2.jpeg,1
unlabeled_Data\-8908847-1.jpeg,1
unlabeled_Data\-8989419-1.jpeg,3
unlabeled_Data\-9059831-2.jpeg,0
unlabeled_Data\-9066695-1.jpeg,0
unlabeled_Data\-907869-1.jpeg,2
unlabeled_Data\-9087597-2.jpeg,0
unlabeled_Data\-910956-1.jpeg,1
unlabeled_Data\-933576-4.jpeg,0
unlabeled_Data\-9361825-1.jpeg,1
unlabeled_Data\-9504181-2.jpeg,2
unlabeled_Data\-954024-1.jpeg,0
unlabeled_Data\-9557298-1.jpeg,1
unlabeled_Data\-956663-1.jpeg,3
unlabeled_Data\-9734808-2.jpeg,0
unlabeled_Data\-987193-1.jpeg,0
